{"batch_loss": 0.002745263045653701, "_timestamp": 1698240095.815434, "_runtime": 5752.239213943481, "_step": 267, "epoch_loss": 0.01322664282218154, "accuracy": 62.91120815138282, "val_loss": 3.855956554412842}