{"batch_loss": 0.37829747796058655, "batch_accuracy": 0.8319719953325554, "batch_precision": 0.8346545866364666, "batch_recall": 0.838452787258248, "batch_f1_score": 0.8365493757094211, "_timestamp": 1699042601.6858978, "_runtime": 13780.759845733643, "_step": 1449, "epoch_loss": 0.39754357161345305, "epoch_accuracy": 0.8227336271419465, "epoch_precision": 0.8108539584171678, "epoch_recall": 0.8419233737696843, "epoch_f1_score": 0.8259854910280432, "val_loss": 1.0246165990829468, "val_accuracy": 0.5304478406161018, "val_precision": 0.5267643119540901, "val_recall": 0.6310871075823273, "val_f1_score": 0.5741157594972024, "_wandb": {"runtime": 13780}}