{"batch_loss": 0.4609431028366089, "batch_accuracy": 0.7797101449275362, "batch_precision": 0.783068783068783, "batch_recall": 0.8087431693989071, "batch_f1_score": 0.7956989247311828, "_timestamp": 1699283915.6192145, "_runtime": 5924.585918426514, "_step": 2799, "epoch_loss": 0.4611313392718633, "epoch_accuracy": 0.7778035154153247, "epoch_precision": 0.7666488368096457, "epoch_recall": 0.8013912601963563, "epoch_f1_score": 0.7833993078982169, "val_loss": 0.8231351375579834, "val_accuracy": 0.6002898537181021, "val_precision": 0.6202524205223755, "val_recall": 0.5422602785438292, "val_f1_score": 0.5782589940636982, "_wandb": {"runtime": 5923}}