{"batch_loss": 0.6489284038543701, "batch_accuracy": 0.6394399066511085, "batch_precision": 0.6292270531400966, "batch_recall": 0.6262019230769231, "batch_f1_score": 0.6277108433734939, "_timestamp": 1699028571.9250252, "_runtime": 242.45131611824036, "_step": 27, "epoch_loss": 0.6691146183896948, "epoch_accuracy": 0.5887509571907819, "epoch_precision": 0.6012967180054373, "epoch_recall": 0.5205221741043795, "epoch_f1_score": 0.5574808141651213, "_wandb": {"runtime": 248}}